band050_aim60_hyst60	succ=0.00	grip=0.63	eef=0.068	eef20=0.269	n=5	det=0.90	conf=0.097
band050_aim60_hyst65	succ=0.00	grip=0.63	eef=0.068	eef20=0.269	n=5	det=0.90	conf=0.097
band050_aim60_hyst70_n5	succ=0.00	grip=0.63	eef=0.068	eef20=0.269	n=5	det=0.90	conf=0.097
band050_aim60	succ=0.00	grip=0.63	eef=0.070	eef20=0.269	n=5	det=0.88	conf=0.100
band050_aim60_g06	succ=0.00	grip=0.66	eef=0.070	eef20=0.268	n=5	det=0.92	conf=0.089
band050_aim60_hyst55	succ=0.00	grip=0.64	eef=0.071	eef20=0.269	n=5	det=0.90	conf=0.104
band050_best_s29	succ=0.00	grip=0.66	eef=0.077	eef20=0.262	n=5	det=0.93	conf=0.097
band050_aim60_hyst50_n10	succ=0.00	grip=0.65	eef=0.079	eef20=0.270	n=10	det=0.91	conf=0.101
band050_aim60_n10	succ=0.00	grip=0.65	eef=0.079	eef20=0.270	n=10	det=0.91	conf=0.101
band050_best_s41	succ=0.00	grip=0.66	eef=0.079	eef20=0.268	n=5	det=0.96	conf=0.120
band050_best_s31	succ=0.00	grip=0.66	eef=0.081	eef20=0.262	n=5	det=0.89	conf=0.086
band050_aim60_clip	succ=0.00	grip=0.70	eef=0.081	eef20=0.258	n=5	det=0.88	conf=0.139
band050_aim60_u45	succ=0.00	grip=0.68	eef=0.082	eef20=0.270	n=5	det=0.87	conf=0.093
band050_aim60_track	succ=0.00	grip=0.67	eef=0.082	eef20=0.266	n=5	det=0.92	conf=0.104
band050_aim60_seed7	succ=0.00	grip=0.67	eef=0.083	eef20=0.266	n=5	det=0.94	conf=0.103
band050_hyst50_s7	succ=0.00	grip=0.67	eef=0.083	eef20=0.266	n=5	det=0.94	conf=0.103
band050_aim60_hyst60_n10	succ=0.00	grip=0.66	eef=0.084	eef20=0.270	n=10	det=0.94	conf=0.099
band050_aim60_hyst65_n10	succ=0.00	grip=0.66	eef=0.084	eef20=0.270	n=10	det=0.94	conf=0.099
band050_aim58	succ=0.00	grip=0.67	eef=0.085	eef20=0.269	n=5	det=0.90	conf=0.082
band050_aim60_u55	succ=0.00	grip=0.65	eef=0.086	eef20=0.275	n=5	det=0.92	conf=0.097
band050_aim55	succ=0.00	grip=0.66	eef=0.086	eef20=0.267	n=5	det=0.93	conf=0.087
band050_best_s23	succ=0.00	grip=0.69	eef=0.086	eef20=0.267	n=5	det=0.95	conf=0.106
band050_hyst50_s13	succ=0.00	grip=0.66	eef=0.087	eef20=0.261	n=5	det=0.97	conf=0.098
band050_hyst70	succ=0.00	grip=0.65	eef=0.088	eef20=0.267	n=5	det=0.97	conf=0.094
band050_aim62	succ=0.00	grip=0.67	eef=0.089	eef20=0.268	n=5	det=0.89	conf=0.114
band050_hyst60_s7	succ=0.00	grip=0.68	eef=0.090	eef20=0.266	n=5	det=0.96	conf=0.107
band050_aim60_deep_g06	succ=0.00	grip=0.71	eef=0.091	eef20=0.255	n=5	det=0.93	conf=0.109
band050_aim60_t1_n20	succ=0.00	grip=0.67	eef=0.091	eef20=0.270	n=20	det=0.93	conf=0.106
band050_aim60_gain04	succ=0.00	grip=0.67	eef=0.091	eef20=0.269	n=5	det=0.89	conf=0.104
band050_hyst60_s13	succ=0.00	grip=0.68	eef=0.094	eef20=0.261	n=5	det=0.99	conf=0.108
band050_aim60_t1_deep500	succ=0.00	grip=0.72	eef=0.095	eef20=0.252	n=5	det=0.93	conf=0.111
band050_aim60_swap	succ=0.00	grip=0.68	eef=0.095	eef20=0.265	n=5	det=0.95	conf=0.109
band050_hyst50_s19	succ=0.00	grip=0.67	eef=0.100	eef20=0.271	n=5	det=0.93	conf=0.098
band050_aim60_deep	succ=0.00	grip=0.71	eef=0.101	eef20=0.252	n=5	det=0.94	conf=0.116
band050_best_s37	succ=0.00	grip=0.69	eef=0.112	eef20=0.267	n=5	det=0.95	conf=0.115
band050_hyst60_s19	succ=0.00	grip=0.67	eef=0.112	eef20=0.271	n=5	det=0.99	conf=0.098
band050_aim65	succ=0.00	grip=0.68	eef=0.112	eef20=0.268	n=5	det=0.99	conf=0.104
rec_mild_n5	succ=0.00	grip=0.21	eef=0.127	eef20=0.249	n=5	det=0.99	conf=0.136
rec_mild	succ=0.00	grip=0.17	eef=0.130	eef20=0.248	n=3	det=0.98	conf=0.137
rec_mild_t1_n10	succ=0.00	grip=0.38	eef=0.141	eef20=0.273	n=10	det=0.95	conf=0.117
band050_aim50_t0_n10	succ=0.00	grip=0.73	eef=0.152	eef20=0.262	n=10	det=0.98	conf=0.181
soup_aim50_s13	succ=0.00	grip=0.74	eef=0.156	eef20=0.256	n=5	det=1.00	conf=0.177
band050_aim50_t0	succ=0.00	grip=0.73	eef=0.157	eef20=0.263	n=5	det=1.00	conf=0.184
band050_aim48_t0	succ=0.00	grip=0.73	eef=0.157	eef20=0.261	n=5	det=0.98	conf=0.191
band050_aim50_t0_deep	succ=0.00	grip=0.76	eef=0.157	eef20=0.249	n=5	det=0.96	conf=0.201
band050_aim55_all	succ=0.00	grip=0.61	eef=0.159	eef20=0.275	n=3	det=0.92	conf=0.089
band050_aim45_t0	succ=0.00	grip=0.72	eef=0.162	eef20=0.259	n=5	det=0.88	conf=0.115
soup_aim50_s7	succ=0.00	grip=0.72	eef=0.162	eef20=0.267	n=5	det=1.00	conf=0.155
band050_n5	succ=0.00	grip=0.63	eef=0.168	eef20=0.274	n=5	det=0.91	conf=0.086
band050_aim60_all	succ=0.00	grip=0.63	eef=0.168	eef20=0.278	n=3	det=0.95	conf=0.103
band050_hyst35	succ=0.00	grip=0.00	eef=0.189	eef20=0.257	n=5	det=1.00	conf=0.132
band050_aim60_t0	succ=0.00	grip=0.74	eef=0.193	eef20=0.276	n=5	det=0.97	conf=0.148
band_035	succ=0.00	grip=0.00	eef=0.194	eef20=0.285	n=2	det=1.00	conf=0.121
band_050	succ=0.00	grip=0.56	eef=0.201	eef20=0.282	n=2	det=0.97	conf=0.088
aim_0_38_0_68	succ=0.00	grip=0.00	eef=0.217	eef20=0.314	n=2	det=1.00	conf=0.152
aim2_0_35_0_70	succ=0.00	grip=0.41	eef=0.222	eef20=0.288	n=2	det=0.98	conf=0.130
band050_aim70_t0	succ=0.00	grip=0.75	eef=0.224	eef20=0.284	n=5	det=1.00	conf=0.226
aim_0_5_0_68	succ=0.00	grip=0.00	eef=0.231	eef20=0.318	n=2	det=1.00	conf=0.154
uv_055_60	succ=0.00	grip=0.00	eef=0.236	eef20=0.323	n=3	det=1.00	conf=0.147
aim_0_5_0_55	succ=0.00	grip=0.00	eef=0.236	eef20=0.304	n=2	det=1.00	conf=0.114
hyst_035	succ=0.00	grip=0.00	eef=0.237	eef20=0.313	n=2	det=1.00	conf=0.120
hyst_ctrl	succ=0.00	grip=0.00	eef=0.237	eef20=0.313	n=2	det=1.00	conf=0.120
aim_0_62_0_68	succ=0.00	grip=0.00	eef=0.238	eef20=0.315	n=2	det=1.00	conf=0.121
aim2_0_5_0_70	succ=0.00	grip=0.62	eef=0.238	eef20=0.290	n=2	det=0.99	conf=0.140
uv_045_55	succ=0.00	grip=0.00	eef=0.239	eef20=0.319	n=3	det=1.00	conf=0.155
tool_settle	succ=0.00	grip=0.00	eef=0.242	eef20=0.324	n=3	det=1.00	conf=0.162
band050_aim55_t2	succ=0.00	grip=0.50	eef=0.243	eef20=0.288	n=5	det=0.86	conf=0.053
aim2_0_65_0_70	succ=0.00	grip=0.48	eef=0.245	eef20=0.289	n=2	det=0.92	conf=0.076
tool_deep	succ=0.00	grip=0.00	eef=0.245	eef20=0.325	n=3	det=1.00	conf=0.161
tool_swap_uv	succ=0.00	grip=0.00	eef=0.246	eef20=0.320	n=3	det=1.00	conf=0.168
tool_loose	succ=0.00	grip=0.00	eef=0.253	eef20=0.315	n=3	det=1.00	conf=0.196
uv_055_55	succ=0.00	grip=0.00	eef=0.253	eef20=0.328	n=3	det=1.00	conf=0.171
band050_aim60_t2	succ=0.00	grip=0.53	eef=0.255	eef20=0.288	n=5	det=0.99	conf=0.067
band050_aim65_t2	succ=0.00	grip=0.56	eef=0.255	eef20=0.291	n=5	det=0.98	conf=0.069
uv_055_50	succ=0.00	grip=0.00	eef=0.255	eef20=0.318	n=3	det=1.00	conf=0.163
aim2_0_5_0_85	succ=0.00	grip=0.64	eef=0.257	eef20=0.294	n=2	det=0.92	conf=0.120
swap_1_1_0	succ=0.00	grip=0.00	eef=0.258	eef20=0.303	n=2	det=1.00	conf=0.095
aim_0_5_0_80	succ=0.00	grip=0.00	eef=0.261	eef20=0.334	n=2	det=0.99	conf=0.109
swap_1__1_0	succ=0.00	grip=0.00	eef=0.269	eef20=0.313	n=2	det=1.00	conf=0.110
swap_n1_n1	succ=0.00	grip=0.00	eef=0.281	eef20=0.327	n=2	det=1.00	conf=0.141
sign_pp_ctrl	succ=0.00	grip=0.00	eef=0.282	eef20=0.333	n=2	det=1.00	conf=0.127
sign_pp_hyst	succ=0.00	grip=0.00	eef=0.282	eef20=0.333	n=2	det=1.00	conf=0.127
swap_n1_1	succ=0.00	grip=0.00	eef=0.282	eef20=0.319	n=2	det=0.99	conf=0.110
tool_sign_flip	succ=0.00	grip=0.00	eef=0.291	eef20=0.356	n=3	det=1.00	conf=0.179
tool_agent	succ=0.00	grip=0.00	eef=0.303	eef20=0.355	n=3	det=1.00	conf=0.123
